{"UUID":"LYV2g86XHlAAfV3Y7GZJsJ","layoutMainAxisSizing":null,"layoutCrossAxisSizing":null,"name":"Traveller Services App Revised","isVisible":true,"boundaryRectangle":null,"style":null,"prototypeNodeUUID":null,"child":null,"constraints":null,"debug":false,"pngPath":"/usr/src/app/temp-out/pb-tmp-1825244b-3737-4da2-ac01-fd97870c32fc/traveller_app/lib/assets/images","designSystem":{"UUID":"","layoutMainAxisSizing":null,"layoutCrossAxisSizing":null,"name":"material3","isVisible":false,"boundaryRectangle":null,"pbdlType":null,"style":null,"prototypeNodeUUID":"","child":null,"constraints":null,"textStyles":["bodyLarge","bodyMedium","bodySmall","displayLarge","displayMedium","displaySmall","headlineLarge","headlineMedium","headlineSmall","labelLarge","labelMedium","labelSmall","titleLarge","titleMedium","titleSmall"],"colorSchemes":[{"UUID":"","layoutMainAxisSizing":null,"layoutCrossAxisSizing":null,"name":"light","isVisible":false,"boundaryRectangle":null,"pbdlType":null,"style":null,"prototypeNodeUUID":"","child":null,"constraints":null,"supportedAttributes":["primary","onPrimary","primaryContainer","onPrimaryContainer","secondary","onSecondary","secondaryContainer","onSecondaryContainer","tertiary","onTertiary","tertiaryContainer","onTertiaryContainer","error","onError","errorContainer","onErrorContainer","background","onBackground","surface","onSurface","surfaceVariant","onSurfaceVariant","outline","shadow","inverseSurface","onInverseSurface","inversePrimary","surfaceTint"]},{"UUID":"","layoutMainAxisSizing":null,"layoutCrossAxisSizing":null,"name":"dark","isVisible":false,"boundaryRectangle":null,"pbdlType":null,"style":null,"prototypeNodeUUID":"","child":null,"constraints":null,"supportedAttributes":["primary","onPrimary","primaryContainer","onPrimaryContainer","secondary","onSecondary","secondaryContainer","onSecondaryContainer","tertiary","onTertiary","tertiaryContainer","onTertiaryContainer","error","onError","errorContainer","onErrorContainer","background","onBackground","surface","onSurface","surfaceVariant","onSurfaceVariant","outline","shadow","inverseSurface","onInverseSurface","inversePrimary","surfaceTint"]}]},"pages":[{"UUID":"139:279","layoutMainAxisSizing":null,"layoutCrossAxisSizing":null,"name":"Final design","isVisible":true,"boundaryRectangle":null,"style":null,"prototypeNodeUUID":null,"child":null,"constraints":null,"convert":true,"screens":[],"pbdlType":"page"},{"UUID":"434:327","layoutMainAxisSizing":null,"layoutCrossAxisSizing":null,"name":"modifications","isVisible":true,"boundaryRectangle":null,"style":null,"prototypeNodeUUID":null,"child":null,"constraints":null,"convert":true,"screens":[],"pbdlType":"page"}],"miscPages":[],"sharedStyles":[],"globalStyles":{"UUID":"","layoutMainAxisSizing":null,"layoutCrossAxisSizing":null,"name":"","isVisible":false,"boundaryRectangle":null,"style":null,"prototypeNodeUUID":null,"child":null,"constraints":null,"pbdlType":"global_styles","designSystem":"material3","colors":[{"UUID":"95:524","layoutMainAxisSizing":null,"layoutCrossAxisSizing":null,"name":"Base/Gray 40","isVisible":false,"boundaryRectangle":null,"style":null,"prototypeNodeUUID":null,"child":null,"constraints":null,"description":"","pbdlType":"global_color","color":{"a":1.0,"r":0.7104166746139526,"g":0.7451923489570618,"b":0.7749999761581421}},{"UUID":"95:525","layoutMainAxisSizing":null,"layoutCrossAxisSizing":null,"name":"Base/Gray 80","isVisible":false,"boundaryRectangle":null,"style":null,"prototypeNodeUUID":null,"child":null,"constraints":null,"description":"","pbdlType":"global_color","color":{"a":1.0,"r":0.29019609093666077,"g":0.33725491166114807,"b":0.3764705955982208}},{"UUID":"95:520","layoutMainAxisSizing":null,"layoutCrossAxisSizing":null,"name":"Base/White","isVisible":false,"boundaryRectangle":null,"style":null,"prototypeNodeUUID":null,"child":null,"constraints":null,"description":"","pbdlType":"global_color","color":{"a":1.0,"r":1.0,"g":1.0,"b":1.0}}],"textStyles":[{"UUID":"95:526","layoutMainAxisSizing":null,"layoutCrossAxisSizing":null,"name":"Overline","isVisible":false,"boundaryRectangle":null,"style":null,"prototypeNodeUUID":null,"child":null,"constraints":null,"description":"","pbdlType":"global_text_style","textStyle":{"UUID":"","layoutMainAxisSizing":null,"layoutCrossAxisSizing":null,"name":"","isVisible":false,"boundaryRectangle":null,"style":null,"prototypeNodeUUID":"","child":null,"constraints":null,"fontFamily":"Avenir Next LT Pro","fontPostScriptName":"AvenirNextLTPro-Demi","paragraphSpacing":0,"paragraphIndent":0,"listSpacing":0,"italics":null,"fontWeight":600,"fontSize":10.0,"textCase":"UPPER","textDecoration":"NONE","textAutoResize":"WIDTH_AND_HEIGHT","textAlignHorizontal":"LEFT","textAlignVertical":"TOP","letterSpacing":1.5,"fills":null,"hyperLink":null,"opentypeFlags":{},"lineHeightPx":12.0,"lineHeightPercent":100.0,"lineHeightPercentFontSize":120.0,"lineHeightUnit":"PIXELS","pbdlType":"text_style"}},{"UUID":"95:527","layoutMainAxisSizing":null,"layoutCrossAxisSizing":null,"name":"H4","isVisible":false,"boundaryRectangle":null,"style":null,"prototypeNodeUUID":null,"child":null,"constraints":null,"description":"","pbdlType":"global_text_style","textStyle":{"UUID":"","layoutMainAxisSizing":null,"layoutCrossAxisSizing":null,"name":"","isVisible":false,"boundaryRectangle":null,"style":null,"prototypeNodeUUID":"","child":null,"constraints":null,"fontFamily":"Avenir Next LT Pro","fontPostScriptName":"AvenirNextLTPro-Demi","paragraphSpacing":0,"paragraphIndent":0,"listSpacing":0,"italics":null,"fontWeight":600,"fontSize":16.0,"textCase":"ORIGINAL","textDecoration":"NONE","textAutoResize":"WIDTH_AND_HEIGHT","textAlignHorizontal":"LEFT","textAlignVertical":"TOP","letterSpacing":0.0,"fills":null,"hyperLink":null,"opentypeFlags":{},"lineHeightPx":18.0,"lineHeightPercent":93.74999237060547,"lineHeightPercentFontSize":112.5,"lineHeightUnit":"PIXELS","pbdlType":"text_style"}}],"themeColors":[],"themeTextStyles":[]},"pbdlType":"project"}